n,theta,r,t,toughness_cid1,toughness_cid2,toughness_cid3,toughness_mean,toughness_median,toughness_std
6,0,1.5,0.7,1.14466667,1.276972545,0.984718805,1.1354526733333332,1.14466667,0.14634457775034548
6,0,1.5,1.05,1.60756105,1.40763682,1.204278305,1.4064920583333331,1.40763682,0.2016438096325767
6,0,1.5,1.4,1.144337785,1.22198518,1.66416987,1.3434976116666668,1.22198518,0.2804109527747117
6,0,1.7,0.7,3.64273758,2.57058053,3.09425671,3.10252494,3.09425671,0.5361263448914586
6,0,1.7,1.05,3.748405035,2.907952235,2.933434265,3.196597178333333,2.933434265,0.47804943936012073
6,0,1.7,1.4,2.661723075,2.61173793,2.328659075,2.5340400266666667,2.61173793,0.17961244433723675
6,0,1.9,0.7,5.62889179,3.623287735,3.576849065,4.276342863333333,3.623287735,1.171571844484241
6,0,1.9,1.05,6.545940435,4.861726245,2.966058095,4.791241591666666,4.861726245,1.7909817019801204
6,0,1.9,1.4,5.13711498,4.685755775,6.652394795,5.491755183333333,5.13711498,1.0301672262850687
6,0,2.1,0.7,6.113001335,17.24322518,17.42102897,13.592418494999999,17.24322518,6.477975326976125
6,0,2.1,1.05,7.63448638,9.14252845,6.771103375,7.849372734999999,7.63448638,1.2002276162289296
6,0,2.1,1.4,2.06551135,7.22210682,7.735849185,5.674489118333334,7.22210682,3.1360043373123916
6,0,2.3,0.7,22.63629481,21.77185393,5.017847775,16.47533217166667,21.77185393,9.931881797204841
6,0,2.3,1.05,11.98794863,23.58202299,32.23955734,22.60317632,23.58202299,10.161226276304673
6,0,2.3,1.4,2.18745377,1.90549201,2.02903116,2.04065898,2.02903116,0.14134006216936051
6,0,2.5,0.7,27.27353061,24.97148829,30.26843881,27.504485903333336,27.27353061,2.656017029966314
6,0,2.5,1.05,27.71493771,30.27901031,11.31234055,23.10209619,27.71493771,10.290401868377229
6,0,2.5,1.4,1.724510655,1.921319615,36.25217858,13.299336283333332,1.921319615,19.877988091439782
6,25,1.6,0.7,1.321202445,1.45386602,2.09663152,1.6238999949999997,1.45386602,0.4147363344096636
6,25,1.6,1.05,1.901228995,1.67985751,1.83385039,1.804978965,1.83385039,0.11347467990227729
6,25,1.6,1.4,1.464165225,2.359961675,1.696675845,1.8402675816666667,1.696675845,0.46484057491505915
6,25,1.8,0.7,2.77622403,2.30229922,1.504651125,2.1943914583333335,2.30229922,0.6426176755688153
6,25,1.8,1.05,2.725128695,3.318807365,4.24364418,3.4291934133333335,3.318807365,0.7652523304741929
6,25,1.8,1.4,3.181724645,2.73639597,2.45040998,2.7895101983333332,2.73639597,0.3685391780389159
6,25,2.0,0.7,4.561826505,4.76432071,3.88626849,4.404138568333333,4.561826505,0.45977498767263864
6,25,2.0,1.05,4.80682388,4.69724476,2.940354025,4.148140888333333,4.69724476,1.0474080992217993
6,25,2.0,1.4,5.21743359,5.22735781,6.44899864,5.631263346666667,5.22735781,0.7081969217723746
6,25,2.2,0.7,5.9481448,7.4399274,12.36841071,8.585494303333332,7.4399274,3.35993991557685
6,25,2.2,1.05,10.57081004,11.05566429,7.9235667,9.850013676666668,10.57081004,1.6858734757884024
6,25,2.2,1.4,7.91761853,8.14951516,4.150184395,6.739106028333333,7.91761853,2.24506802333634
6,25,2.4,0.7,9.40534553,14.67360446,18.73687729,14.271942426666664,14.67360446,4.678714624631243
6,25,2.4,1.05,25.05585347,14.64715217,11.42302692,17.042010853333334,14.64715217,7.124956211826779
6,25,2.4,1.4,2.401968915,24.38383386,2.25998876,9.681930511666666,2.401968915,12.732419689081278
6,50,1.5,0.7,0.911408525,0.581434425,0.503617945,0.665486965,0.581434425,0.2164992179997951
6,50,1.5,1.05,0.80713156,0.780913535,0.77442139,0.7874888283333333,0.780913535,0.017318044553925757
6,50,1.5,1.4,0.600585055,0.724918585,0.615132955,0.646878865,0.615132955,0.06797469214245325
6,50,1.7,0.7,1.280064085,1.019549845,0.857033345,1.0522157583333334,1.019549845,0.21339880076200649
6,50,1.7,1.05,1.856575375,1.279980775,1.78397391,1.6401766866666667,1.78397391,0.3140438890761487
6,50,1.7,1.4,1.22887476,0.890335145,1.47492584,1.1980452483333333,1.22887476,0.2935122046224818
6,50,1.9,0.7,1.670555225,2.180233015,1.31915937,1.7233158699999997,1.670555225,0.432954639395409
6,50,1.9,1.05,1.733336745,2.433453355,1.898873585,2.0218878950000003,1.898873585,0.36591010815233727
6,50,1.9,1.4,3.17129197,1.64671733,2.720035715,2.5126816716666664,2.720035715,0.7831530710517541
6,50,2.1,0.7,16.00978343,4.20246107,3.17734853,7.796531009999999,4.20246107,7.131328797348584
6,50,2.1,1.05,4.159978755,4.046561015,2.592669905,3.5997365583333334,4.046561015,0.8739870302977482
6,50,2.1,1.4,4.324624925,4.59804905,3.74722125,4.223298408333334,4.324624925,0.4343699846306836
6,50,2.3,0.7,3.208368345,4.73968986,6.059289655,4.669115953333333,4.73968986,1.4267703340691085
6,50,2.3,1.05,8.36155203,4.08230125,8.212267235,6.8853735050000004,8.212267235,2.4286790725757976
6,50,2.3,1.4,10.26593447,17.49258419,5.749600085,11.169372914999999,10.26593447,5.923391738733702
6,50,2.5,0.7,6.389414035,8.01391438,6.19458219,6.865970201666666,6.389414035,0.9989102759425237
6,50,2.5,1.05,23.65177359,22.65485255,24.14959018,23.485405440000005,23.65177359,0.7611300261028471
6,50,2.5,1.4,8.263866695,10.29284302,21.12649344,13.227734385,10.29284302,6.9153439674799255
6,75,1.6,0.7,0.56218211,0.316275755,0.421248255,0.43323537333333334,0.421248255,0.123390648396868
6,75,1.6,1.05,0.62222879,1.00228558,0.74635778,0.7902907166666666,0.74635778,0.1937998144978318
6,75,1.6,1.4,1.129298705,1.259409195,1.690187665,1.359631855,1.259409195,0.2935686334497899
6,75,1.8,0.7,0.49796538,0.85857833,0.874340925,0.7436282116666666,0.85857833,0.21289618361339233
6,75,1.8,1.05,0.955209465,0.368262385,0.737498875,0.6869902416666666,0.737498875,0.29671545327305154
6,75,1.8,1.4,1.307267365,2.12653032,0.764132035,1.3993099066666668,1.307267365,0.6858470265664789
6,75,2.0,0.7,0.70437207,1.450135035,1.16090386,1.1051369883333333,1.16090386,0.37599608770971626
6,75,2.0,1.05,1.844288285,1.93924519,2.33812806,2.040553845,1.93924519,0.26204391526315657
6,75,2.0,1.4,14.5440842,2.47596343,4.505327385,7.175125005000001,4.505327385,6.461868865014563
6,75,2.2,0.7,2.28417177,2.43745487,3.738256045,2.819960895,2.43745487,0.7989514466296087
6,75,2.2,1.05,13.167347,3.764273615,4.35728777,7.096302795,4.35728777,5.266032638647965
6,75,2.2,1.4,1.245206375,17.23894601,11.99178691,10.158646431666666,11.99178691,8.152927688138819
6,75,2.4,0.7,2.414646575,2.74980348,3.55753965,2.907329901666666,2.74980348,0.5875049577348834
6,75,2.4,1.05,4.68270893,6.161012775,19.44473814,10.096153281666666,6.161012775,8.129783189275706
6,75,2.4,1.4,17.76211779,16.50240024,18.85629444,17.70693749,17.76211779,1.1779168584112703
6,100,1.5,0.7,1.761419435,1.043984375,1.297602915,1.3676689083333333,1.297602915,0.36381341219867225
6,100,1.5,1.05,2.038989845,0.929859555,1.766962485,1.5786039616666667,1.766962485,0.5780585610758711
6,100,1.5,1.4,1.74145084,1.667230665,1.55379982,1.6541604416666666,1.667230665,0.09450581664769368
6,100,1.7,0.7,2.42913609,1.86839673,2.458336485,2.251956435,2.42913609,0.33249315969175103
6,100,1.7,1.05,2.639451635,1.58847147,2.608886545,2.27893655,2.608886545,0.5981555618785399
6,100,1.7,1.4,1.83067924,2.522915755,9.27425569,4.542616895,2.522915755,4.112311042824536
6,100,1.9,0.7,2.248745235,1.657600975,1.230991015,1.7124457416666665,1.657600975,0.5110889104695903
6,100,1.9,1.05,1.874484205,2.571962555,12.41231281,5.619586523333333,2.571962555,5.893001511654219
6,100,1.9,1.4,13.84331533,13.56843395,13.77882286,13.730190713333334,13.77882286,0.14374893924732896
6,100,2.1,0.7,16.77800679,1.67980929,13.02767408,10.495163386666666,13.02767408,7.86124034400026
6,100,2.1,1.05,14.0173637,13.92808819,14.89652844,14.28066011,14.0173637,0.535222270738225
6,100,2.1,1.4,13.71482183,15.59499058,17.55796323,15.62259188,15.59499058,1.9217193678890148
6,100,2.3,0.7,19.72634797,16.99064027,17.90994853,18.208978923333333,17.90994853,1.392152483409284
6,100,2.3,1.05,18.3145061,16.70905174,14.43700693,16.486854923333333,16.70905174,1.9482757819005678
6,100,2.3,1.4,17.49456493,14.64180982,16.11451264,16.083629130000002,16.11451264,1.4266282882377652
6,100,2.5,0.7,20.8723812,20.82913473,22.08445189,21.26198927333333,20.8723812,0.7126016637312188
6,100,2.5,1.05,19.19430635,19.53450837,20.04377174,19.590862153333333,19.53450837,0.42752739546600727
6,100,2.5,1.4,23.2304953,21.9617933,19.59464177,21.595643456666664,21.9617933,1.8453744887510333
6,125,1.6,0.7,1.4166949,1.58774253,1.085871695,1.363436375,1.4166949,0.2551390534978545
6,125,1.6,1.05,1.25473141,1.96536155,13.05591221,5.425335056666667,1.96536155,6.6178190945883815
6,125,1.6,1.4,1.077183595,1.07172349,13.9894676,5.379458228333333,1.077183595,7.456487342464112
6,125,1.8,0.7,0.92180845,13.29645001,0.71230218,4.976853546666667,0.92180845,7.205743348456404
6,125,1.8,1.05,19.82673045,14.75259793,13.82702867,16.135452349999998,14.75259793,3.230065033775472
6,125,1.8,1.4,13.35430999,2.021798275,13.68365648,9.686588248333335,13.35430999,6.639945126211679
6,125,2.0,0.7,0.93520637,1.64178562,1.39624755,1.3244131799999999,1.39624755,0.3587250920518571
6,125,2.0,1.05,17.48321147,17.50446985,18.96923443,17.985638583333333,17.50446985,0.8518853044072271
6,125,2.0,1.4,18.91401758,15.76786807,16.97832826,17.22007130333333,16.97832826,1.5869448506701027
6,125,2.2,0.7,16.74357002,20.49097717,20.71585045,19.316799213333336,20.49097717,2.2313165080466915
6,125,2.2,1.05,14.11770208,18.51707968,18.72782356,17.12086844,18.51707968,2.602952052020186
6,125,2.2,1.4,20.73650342,24.61952226,19.21279802,21.52294123333333,20.73650342,2.7878360923001337
6,125,2.4,0.7,24.20558826,22.96424488,21.46815411,22.87932908333333,22.96424488,1.3706912310178412
6,125,2.4,1.05,18.50428299,18.76875767,17.71837793,18.33047286333333,18.50428299,0.5463349427315896
6,125,2.4,1.4,11.64011261,21.97821605,20.38441493,18.00091453,20.38441493,5.565959153787879
6,150,1.5,0.7,0.9721676,0.735884685,0.720294875,0.8094490533333333,0.735884685,0.14113381811579803
6,150,1.5,1.05,0.73339565,0.937172305,0.91101892,0.8605289583333334,0.91101892,0.11087451669600805
6,150,1.5,1.4,1.241250395,17.35790708,18.74742944,12.448862305,17.35790708,9.73091037062388
6,150,1.7,0.7,13.11436394,1.01669435,0.88429715,5.00511848,1.01669435,7.023124568348472
6,150,1.7,1.05,1.247425855,14.79832094,15.54963513,10.531793975,14.79832094,8.049269332913275
6,150,1.7,1.4,16.19996728,19.47943298,19.01081895,18.23007307,19.01081895,1.7736676453670384
6,150,1.9,0.7,1.27661952,0.537630855,0.862449755,0.8922333766666667,0.862449755,0.3703935202447633
6,150,1.9,1.05,15.55778051,16.20815219,15.59957872,15.788503806666668,15.59957872,0.3640265743259838
6,150,1.9,1.4,19.00199987,17.5141618,16.0481957,17.52145245666667,17.5141618,1.476915581180359
6,150,2.1,0.7,16.41042719,14.95439099,14.10560919,15.156809123333332,14.95439099,1.1656656162071584
6,150,2.1,1.05,18.51288508,17.20666344,16.99550773,17.571685416666668,17.20666344,0.8219119710531575
6,150,2.1,1.4,17.18467533,14.66813147,16.09093879,15.981248530000002,16.09093879,1.261852691355087
6,150,2.3,0.7,18.49939449,14.02922575,17.37752817,16.635382803333332,17.37752817,2.3256583906427224
6,150,2.3,1.05,19.91431001,18.46880396,17.35029167,18.57780188,18.46880396,1.2854796466250777
6,150,2.3,1.4,18.03172451,14.86324414,15.50390773,16.132958793333334,15.50390773,1.675289794029508
6,150,2.5,0.7,20.95858163,20.19911768,17.94230795,19.70000242,20.19911768,1.5688574697017057
6,150,2.5,1.05,18.51341047,18.11758006,20.4220484,19.017679643333334,18.51341047,1.2322171610135535
6,150,2.5,1.4,20.43322464,17.82099566,16.39896448,18.21772826,17.82099566,2.046182134260749
6,175,1.6,0.7,14.9117021,14.39788533,15.46033752,14.923308316666668,14.9117021,0.5313211761335457
6,175,1.6,1.05,20.1909625,23.82705059,19.34627319,21.12142876,20.1909625,2.380896285611046
6,175,1.6,1.4,16.86847969,4.48566731,18.26674629,13.20696443,16.86847969,7.585153588600504
6,175,1.8,0.7,16.25303968,16.17696459,15.6975907,16.042531656666664,16.17696459,0.3011395897573315
6,175,1.8,1.05,18.12488509,17.10172416,17.38876143,17.538456893333333,17.38876143,0.5277510028190872
6,175,1.8,1.4,20.35152813,22.86955112,28.19387442,23.804984556666668,22.86955112,4.003982469853572
6,175,2.0,0.7,18.03436356,17.10096512,18.57465277,17.90332715,18.03436356,0.7455311717157744
6,175,2.0,1.05,17.5264161,17.30324628,17.13837747,17.322679949999998,17.30324628,0.19474790176102275
6,175,2.0,1.4,18.38228342,16.31177215,20.57800408,18.424019883333333,18.38228342,2.1334221732738605
6,175,2.2,0.7,21.11426736,19.72507122,19.21437316,20.017903913333335,19.72507122,0.983215506647474
6,175,2.2,1.05,19.70686035,19.31625969,17.07134424,18.698154759999998,19.31625969,1.422331385396917
6,175,2.2,1.4,13.48899982,12.40292786,16.37818041,14.09003603,13.48899982,2.054651212096288
6,175,2.4,0.7,22.93310771,20.67206613,22.75940737,22.121527070000003,22.75940737,1.2582709225235607
6,175,2.4,1.05,16.38889589,18.6453617,17.88724908,17.640502223333332,17.88724908,1.148291120047916
6,175,2.4,1.4,14.4047196,14.50308112,18.2698049,15.725868539999999,14.50308112,2.203662383386284
6,200,1.5,0.7,14.96221898,13.58270496,15.7409393,14.761954413333333,14.96221898,1.09296536499811
6,200,1.5,1.05,14.65657727,16.66536236,15.63951464,15.65381809,15.63951464,1.0044689273257803
6,200,1.5,1.4,20.22036666,17.34488347,20.37627403,19.313841386666667,20.22036666,1.7069485156876691
6,200,1.7,0.7,16.78959272,16.03773862,16.27981063,16.369047323333334,16.27981063,0.38378840198669906
6,200,1.7,1.05,25.21025957,21.38700344,26.36648259,24.321248533333335,25.21025957,2.6060618984988704
6,200,1.7,1.4,19.40045977,8.339999845,22.27744967,16.672636428333334,19.40045977,7.358253328311296
6,200,1.9,0.7,17.83614353,17.48027602,13.79168408,16.36936787666667,17.48027602,2.2394197324009664
6,200,1.9,1.05,24.39245006,19.64039634,19.49920548,21.177350626666666,19.64039634,2.7852525898744145
6,200,1.9,1.4,23.56283371,24.93052827,22.75615377,23.749838583333332,23.56283371,1.0991834394451063
6,200,2.1,0.7,21.86809238,20.23693665,20.23517058,20.780066536666666,20.23693665,0.9422584340677034
6,200,2.1,1.05,20.21042247,19.22200277,20.51055968,19.980994973333335,20.21042247,0.6742198897594446
6,200,2.1,1.4,20.31956724,26.0766163,7.20144772,17.865877086666668,20.31956724,9.673853614629412
6,200,2.3,0.7,24.84958171,20.90731185,23.40856053,23.055151363333334,23.40856053,1.9947547321861714
6,200,2.3,1.05,21.80051696,20.57744419,21.32481878,21.234259976666667,21.32481878,0.616544745192708
6,200,2.3,1.4,19.66597793,18.54291755,24.85532039,21.02140529,19.66597793,3.3674166507558048
6,200,2.5,0.7,25.99898896,25.09903317,25.13038982,25.40947065,25.13038982,0.5107785119244415
6,200,2.5,1.05,22.06231878,23.11410977,22.80520974,22.660546096666664,22.80520974,0.5406123832637861
6,200,2.5,1.4,21.03835901,22.99321612,18.87405486,20.96854333,21.03835901,2.060467918544618
8,0,1.5,0.7,2.166798125,1.9446332,1.79906466,1.9701653283333334,1.9446332,0.18519150224335063
8,0,1.5,1.05,1.994880795,1.96282795,1.584290705,1.84733315,1.96282795,0.2283644940042827
8,0,1.5,1.4,1.991507755,2.143893625,1.660902335,1.9321012383333336,1.991507755,0.24691495949175746
8,0,1.7,0.7,2.413471505,3.472810065,3.66459729,3.1836262866666662,3.472810065,0.6738318601189198
8,0,1.7,1.05,4.139476235,3.065404435,2.09191768,3.0989327833333333,3.065404435,1.0241909595602243
8,0,1.7,1.4,2.899414305,3.79572566,4.383226565,3.6927888433333336,3.79572566,0.7472427295736487
8,0,1.9,0.7,5.52009985,13.95284194,5.202961875,8.225301221666667,5.52009985,4.962729705909996
8,0,1.9,1.05,7.354356745,8.580193305,7.4669773,7.8005091166666665,7.4669773,0.6775702343704922
8,0,1.9,1.4,5.33195838,8.15384786,4.02889168,5.83823264,5.33195838,2.10856612215125
8,0,2.1,0.7,19.99789002,19.00737704,20.42346871,19.80957859,19.99789002,0.7265843381620132
8,0,2.1,1.05,8.488290225,20.68608874,19.61008402,16.261487661666667,19.61008402,6.753250723275161
8,0,2.1,1.4,1.915515405,1.62434588,1.70359334,1.7478182083333333,1.70359334,0.15053837486337804
8,0,2.3,0.7,25.3582639,21.89507745,4.988631565,17.413990971666667,21.89507745,10.899109247341993
8,0,2.3,1.05,2.185516945,1.757085215,1.61534906,1.8526504066666665,1.757085215,0.2968541454402453
8,0,2.3,1.4,1.437887965,1.424017165,1.9665795,1.6094948766666668,1.437887965,0.3093221151792923
8,0,2.5,0.7,31.09783404,24.46751917,35.57965442,30.38166921,31.09783404,5.59057747476679
8,0,2.5,1.05,1.890725635,1.540877455,2.239210555,1.890271215,1.890725635,0.34916677177540084
8,0,2.5,1.4,1.379164485,1.341181375,1.310974495,1.3437734516666666,1.341181375,0.034168813706864844
8,25,1.6,0.7,6.022568495,5.38905503,3.92030164,5.110641721666666,5.38905503,1.0784326405022853
8,25,1.6,1.05,5.899901415,5.90264023,6.31753358,6.040025075,5.90264023,0.240333316536435
8,25,1.6,1.4,5.25760901,6.89180886,2.70571583,4.9517112333333335,5.25760901,2.109744961193379
8,25,1.8,0.7,5.487119255,7.618696405,9.68552392,7.597113193333333,7.618696405,2.099285547285749
8,25,1.8,1.05,9.138851555,9.41505298,6.70508105,8.419661861666667,9.138851555,1.4912787554963196
8,25,1.8,1.4,12.00985826,11.90886521,10.12589473,11.348206066666668,11.90886521,1.0597564115611495
8,25,2.0,0.7,9.76006525,11.78357118,6.35420248,9.299279636666666,9.76006525,2.7438574409444367
8,25,2.0,1.05,10.70192285,15.01512353,13.3530951,13.023380493333335,13.3530951,2.1754215264805876
8,25,2.0,1.4,14.18665702,14.75295729,10.95345267,13.297688993333333,14.18665702,2.0498187611779373
8,25,2.2,0.7,13.1504635,17.04183149,10.01264335,13.401646113333333,13.1504635,3.5213194978317275
8,25,2.2,1.05,16.83781416,28.66445513,29.72036515,25.074211480000002,28.66445513,7.1524413386102985
8,25,2.2,1.4,19.7309444,33.7412304,18.59106074,24.021078513333332,19.7309444,8.437170628503724
8,25,2.4,0.7,22.05845141,21.58190069,13.43877417,19.026375423333334,21.58190069,4.8448674875451765
8,25,2.4,1.05,27.7911449,36.84660789,36.1300039,33.58925223,36.1300039,5.034075563325484
8,25,2.4,1.4,1.651555005,1.95455938,34.9592874,12.855133928333332,1.95455938,19.14335794569653
8,50,1.5,0.7,0.606925755,0.92954519,0.580645385,0.7057054433333333,0.606925755,0.1942957503464303
8,50,1.5,1.05,0.967633045,0.89535553,0.2835024,0.7154969916666668,0.89535553,0.3758596882023681
8,50,1.5,1.4,1.01771189,1.045444615,0.610162855,0.8911064533333334,1.01771189,0.2436991076970583
8,50,1.7,0.7,1.83865145,1.215050635,1.068200195,1.3739674266666668,1.215050635,0.40907174687087444
8,50,1.7,1.05,1.946333395,2.046947545,0.530468075,1.5079163383333334,1.946333395,0.8479885803565208
8,50,1.7,1.4,1.256027065,2.29423402,2.57808866,2.0427832483333335,2.29423402,0.6959758136403216
8,50,1.9,0.7,2.446088645,2.313059155,1.7688226,2.1759901333333334,2.313059155,0.3588359812685712
8,50,1.9,1.05,1.75677089,3.07566036,0.99036637,1.9409325400000002,1.75677089,1.0547745688916528
8,50,1.9,1.4,2.89525274,2.679152695,4.16800253,3.247469321666667,2.89525274,0.8044941566572099
8,50,2.1,0.7,4.16988717,4.166636315,2.552720965,3.6297481499999997,4.166636315,0.9327343190514253
8,50,2.1,1.05,3.47753655,6.51946287,6.37566581,5.457555076666666,6.37566581,1.716253018372754
8,50,2.1,1.4,4.749716225,4.755243245,4.02354012,4.509499863333333,4.749716225,0.4208625560595402
8,50,2.3,0.7,6.054145875,6.201702715,3.08157811,5.112475566666666,6.054145875,1.7603555364979675
8,50,2.3,1.05,5.279049785,6.793946615,19.8553271,10.6427745,6.793946615,8.014179443786562
8,50,2.3,1.4,9.993393195,9.51737332,10.78723802,10.099334845,9.993393195,0.6415269394032211
8,50,2.5,0.7,7.144120635,10.71189652,4.478213675,7.44474361,7.144120635,3.1276958104705788
8,50,2.5,1.05,23.23553062,23.17921309,21.22377998,22.546174563333334,23.17921309,1.1455734335119379
8,50,2.5,1.4,1.789061775,1.798908325,2.090443795,1.8928046316666667,1.798908325,0.17123132832239157
8,75,1.6,0.7,2.301961535,2.23340016,0.997970035,1.8444439099999999,2.23340016,0.7338689810372211
8,75,1.6,1.05,2.517171365,2.47774116,0.5029841,1.8326322083333333,2.47774116,1.1516777996741945
8,75,1.6,1.4,1.897846855,2.787914895,1.202600565,1.9627874383333335,1.897846855,0.7946498227197892
8,75,1.8,0.7,3.146094015,2.421117005,1.923480915,2.496897311666667,2.421117005,0.614819232971589
8,75,1.8,1.05,12.57974175,3.688520175,13.76810579,10.012122571666668,12.57974175,5.508539981359633
8,75,1.8,1.4,4.87327289,4.7896747,0.98540034,3.54944931,4.7896747,2.22092492100957
8,75,2.0,0.7,5.749459945,6.35860395,17.16436162,9.757475171666668,6.35860395,6.421778511330397
8,75,2.0,1.05,3.877424105,12.73013662,1.427589615,6.0117167799999995,3.877424105,5.945863782242039
8,75,2.0,1.4,12.78541704,21.27402599,4.00071953,12.686720853333332,12.78541704,8.6370761672117
8,75,2.2,0.7,20.21204998,22.07383703,17.61099159,19.9656262,20.21204998,2.2416045290916755
8,75,2.2,1.05,20.51460132,21.3394019,4.977815625,15.610606281666664,20.51460132,9.217497049664056
8,75,2.2,1.4,17.76513275,27.6013942,28.39669297,24.58773997333333,27.6013942,5.921917090461586
8,75,2.4,0.7,24.44423375,25.10776541,4.023762455,17.858587204999996,24.44423375,11.985902154755186
8,75,2.4,1.05,26.61614424,25.70566987,21.54221829,24.621344133333338,25.70566987,2.7051807451479344
8,75,2.4,1.4,32.61966052,31.37445519,16.98524062,26.993118776666666,31.37445519,8.689410392971403
8,100,1.5,0.7,0.758866325,1.019029305,1.752622255,1.176839295,1.019029305,0.515330677148558
8,100,1.5,1.05,1.47033628,1.58020915,0.98552759,1.3453576733333332,1.47033628,0.3164273669331785
8,100,1.5,1.4,1.371727985,14.01092007,0.381889405,5.25484582,1.371727985,7.5991165478132325
8,100,1.7,0.7,1.66019497,1.51086271,1.401898735,1.524318805,1.51086271,0.12967280410047657
8,100,1.7,1.05,1.94218581,15.57963557,16.41218992,11.311337100000001,15.57963557,8.124594365727281
8,100,1.7,1.4,2.526298485,4.074202785,0.58207294,2.394191403333333,2.526298485,1.749809110833177
8,100,1.9,0.7,18.46355991,17.47108114,15.761628,17.23208968333333,17.47108114,1.3667284656576097
8,100,1.9,1.05,19.95083256,21.43939518,21.01485876,20.801695499999997,21.01485876,0.7668334890807059
8,100,1.9,1.4,15.28451124,13.46396952,1.09751429,9.948665016666666,13.46396952,7.719180327482578
8,100,2.1,0.7,24.44324883,22.6591346,18.09078329,21.731055573333336,22.6591346,3.2763474509010466
8,100,2.1,1.05,26.5761516,25.09494934,27.92352784,26.531542926666663,26.5761516,1.414816784240271
8,100,2.1,1.4,15.81249026,23.42045223,2.174995185,13.802645891666666,15.81249026,10.764384192856827
8,100,2.3,0.7,26.55366339,22.02141722,20.89136195,23.155480853333334,22.02141722,2.9966630846148554
8,100,2.3,1.05,31.76165247,33.8393769,30.80100966,32.13401301,31.76165247,1.553031921786581
8,100,2.3,1.4,24.51326645,27.58580287,15.90063296,22.666567426666663,24.51326645,6.05751780174665
8,100,2.5,0.7,33.05713503,28.09455674,3.691875515,21.614522428333334,28.09455674,15.71854796430343
8,100,2.5,1.05,39.22260624,25.92875706,29.25635883,31.469240709999998,29.25635883,6.91767599460042
8,100,2.5,1.4,33.98515161,38.61747719,37.2935421,36.632056966666674,37.2935421,2.385955155906403
8,125,1.6,0.7,1.46008469,1.608277095,0.555669225,1.2080103366666666,1.46008469,0.5697823634536241
8,125,1.6,1.05,16.95513861,1.88662548,1.54022802,6.79399737,1.88662548,8.801510738191208
8,125,1.6,1.4,16.54564365,1.96556581,1.772851885,6.761353781666667,1.96556581,8.473991434672326
8,125,1.8,0.7,16.49016369,18.90941071,17.40060132,17.60005857333333,17.40060132,1.2218946079245863
8,125,1.8,1.05,17.97152167,18.66237893,1.15879333,12.597564643333335,17.97152167,9.912287213730082
8,125,1.8,1.4,17.14974079,16.2365994,1.74030975,11.708883313333333,16.2365994,8.64510271571275
8,125,2.0,0.7,20.02394696,19.83811912,1.26034766,13.70747124666667,19.83811912,10.779925657575056
8,125,2.0,1.05,21.33621444,19.35939402,16.96168832,19.219098926666668,19.35939402,2.1906350057804285
8,125,2.0,1.4,16.41212001,16.98806743,17.09009911,16.830095516666663,16.98806743,0.3655547278600687
8,125,2.2,0.7,21.7261251,23.72583282,21.53762106,22.32985966,21.7261251,1.2126166916443013
8,125,2.2,1.05,24.28895599,23.69980874,23.23672095,23.74182856,23.69980874,0.5273745289692859
8,125,2.2,1.4,19.99643012,20.10351489,17.31953869,19.1398279,19.99643012,1.5773257092380453
8,125,2.4,0.7,26.74357163,27.62149392,22.84953928,25.73820161,26.74357163,2.5398748845938233
8,125,2.4,1.05,23.40047254,23.11138859,24.81064122,23.774167450000004,23.40047254,0.9091758847772037
8,125,2.4,1.4,22.66353705,22.00852282,24.46094024,23.04433337,22.66353705,1.2697803662342637
8,150,1.5,0.7,15.76503932,14.14813405,15.37844109,15.09720482,15.37844109,0.844343557274572
8,150,1.5,1.05,14.71129282,15.97590274,16.36829634,15.685163966666666,15.97590274,0.8659168216766702
8,150,1.5,1.4,16.81053048,14.02973265,1.90937273,10.916545286666667,14.02973265,7.9233879901220305
8,150,1.7,0.7,18.38869488,17.66117801,13.29449274,16.44812187666667,17.66117801,2.7552409600175363
8,150,1.7,1.05,16.23362792,17.9145985,18.11751563,17.421914016666666,17.9145985,1.0340752999952838
8,150,1.7,1.4,25.59678803,24.64793279,24.27369623,24.839472349999998,24.64793279,0.6820253148458314
8,150,1.9,0.7,25.06795204,21.19465207,21.12950211,22.464035406666667,21.19465207,2.2552932191479016
8,150,1.9,1.05,26.46985809,25.43435805,2.87239936,18.258871833333334,25.43435805,13.335130912844212
8,150,1.9,1.4,21.43531816,22.91095971,18.21817377,20.854817213333334,21.43531816,2.3996449698811895
8,150,2.1,0.7,23.84790793,24.56941835,23.11471414,23.844013473333334,23.84790793,0.727359924482011
8,150,2.1,1.05,25.75089201,29.67098499,25.97304787,27.131641623333334,25.97304787,2.201939339970243
8,150,2.1,1.4,29.20332858,31.45434378,11.0882812,23.915317853333335,29.20332858,11.165411740599867
8,150,2.3,0.7,30.2897043,29.14769093,25.69999832,28.37913118333333,29.14769093,2.3894274018808757
8,150,2.3,1.05,27.00954622,24.9799802,24.84117849,25.610234970000004,24.9799802,1.2138247235318422
8,150,2.3,1.4,26.35897031,22.79001114,21.82711212,23.658697856666667,22.79001114,2.3875504439387987
8,150,2.5,0.7,33.28026619,30.2694805,20.32642785,27.958724846666666,30.2694805,6.779024686617717
8,150,2.5,1.05,27.0706717,26.02590333,28.80428434,27.300286456666665,27.0706717,1.403350441458396
8,150,2.5,1.4,22.86899577,22.09771915,23.14973202,22.705482313333334,22.86899577,0.5447341163767149
8,175,1.6,0.7,14.02868913,14.86447757,9.44977179,12.780979496666667,14.02868913,2.9150204403787554
8,175,1.6,1.05,20.02470101,15.34889878,13.35499867,16.242866153333335,15.34889878,3.423538458158276
8,175,1.6,1.4,18.21306351,17.15394636,12.54898462,15.971998163333334,17.15394636,3.011344977371174
8,175,1.8,0.7,17.80463232,19.22644436,9.934021545,15.655032741666666,17.80463232,5.005283628682919
8,175,1.8,1.05,22.26115859,22.3220811,22.54772138,22.37698702333333,22.3220811,0.15096540486469145
8,175,1.8,1.4,17.92242904,21.84879449,19.39221531,19.72114628,19.39221531,1.9837421957016688
8,175,2.0,0.7,20.52712839,20.54196691,19.87380413,20.314299809999998,20.52712839,0.38155258941978704
8,175,2.0,1.05,26.43476973,26.72247017,30.09047112,27.749237006666664,26.72247017,2.0326646958785006
8,175,2.0,1.4,30.62884765,23.21122474,35.5636307,29.801234363333332,30.62884765,6.2176515714826985
8,175,2.2,0.7,23.87569613,23.2372288,21.70413423,22.939019720000005,23.2372288,1.1160720240776298
8,175,2.2,1.05,27.13847058,26.01821757,26.32360299,26.493430380000003,26.32360299,0.5791137266540773
8,175,2.2,1.4,21.95018747,19.7140267,21.14495698,20.936390383333332,21.14495698,1.132576163556157
8,175,2.4,0.7,24.93067951,25.64329154,25.05996553,25.21131219333333,25.05996553,0.3796489637833613
8,175,2.4,1.05,26.48945395,26.50821912,26.33490468,26.444192583333336,26.48945395,0.09511002713977725
8,175,2.4,1.4,19.63858649,19.13097189,26.17297952,21.647512633333335,19.63858649,3.9273790308895125
8,200,1.5,0.7,18.25283987,19.46653587,19.75280611,19.157393950000003,19.46653587,0.7963361258356307
8,200,1.5,1.05,13.14853798,17.70714249,13.41499684,14.756892436666666,13.41499684,2.558462744288672
8,200,1.5,1.4,16.80890649,20.48806195,15.70872909,17.668565843333333,16.80890649,2.5029515176085724
8,200,1.7,0.7,21.76204542,22.59783182,21.33334446,21.89774056666667,21.76204542,0.6430722747262618
8,200,1.7,1.05,19.95473314,17.83604297,13.53689275,17.109222953333333,17.83604297,3.270071760733904
8,200,1.7,1.4,28.41190008,26.83157947,12.99023395,22.74457116666667,26.83157947,8.48437824533619
8,200,1.9,0.7,23.99916942,21.81119228,21.89667604,22.569012580000003,21.89667604,1.2392894369577374
8,200,1.9,1.05,22.51447703,22.75433722,22.53879111,22.60253512,22.53879111,0.13202538314608053
8,200,1.9,1.4,22.81980479,37.84739581,21.90320458,27.52346839333333,22.81980479,8.952521821514555
8,200,2.1,0.7,26.42427769,24.42026279,25.87711604,25.573885506666667,25.87711604,1.0358477190758868
8,200,2.1,1.05,23.00800265,22.7586222,22.34457401,22.703732953333333,22.7586222,0.33510298736774796
8,200,2.1,1.4,20.86879417,20.4701461,20.82277737,20.72057254666667,20.82277737,0.21809273340285695
8,200,2.3,0.7,29.49732455,28.6733806,25.5377981,27.902834416666668,28.6733806,2.0892028366220394
8,200,2.3,1.05,23.05055265,21.90408288,23.16218558,22.705607036666667,23.05055265,0.69638079242269
8,200,2.3,1.4,19.78231941,19.88240753,21.21698051,20.29390248333333,19.88240753,0.8009739012148924
8,200,2.5,0.7,31.08251055,30.67888973,31.19337179,30.984924023333335,31.08251055,0.2707679729133569
8,200,2.5,1.05,21.36694488,20.91814908,23.35022337,21.87843911,21.36694488,1.2942048132008395
8,200,2.5,1.4,2.45140065,18.91718213,22.21883225,14.529138343333335,18.91718213,10.589099783288832
10,0,1.5,0.7,2.37024162,2.68874185,2.484941625,2.514641698333333,2.484941625,0.16131388624206314
10,0,1.5,1.05,2.465344685,3.23580922,1.995446115,2.56553334,2.465344685,0.6262215925727427
10,0,1.5,1.4,1.902319725,2.32434983,1.59246101,1.9397101883333334,1.902319725,0.3673742591301942
10,0,1.7,0.7,15.43857988,5.065268035,3.93400999,8.145952635,5.065268035,6.340878905323892
10,0,1.7,1.05,5.526309155,2.000912255,4.202121115,3.9097808416666666,4.202121115,1.7807871720651682
10,0,1.7,1.4,1.8278817,2.13757049,2.09316675,2.0195396466666664,2.09316675,0.1674589484675543
10,0,1.9,0.7,20.12095256,18.42932606,6.404926035,14.985068218333334,18.42932606,7.478604814304446
10,0,1.9,1.05,1.909063605,1.76896569,2.301721065,1.9932501200000001,1.909063605,0.276174943430304
10,0,1.9,1.4,1.835869325,2.00238821,2.207163845,2.01514046,2.00238821,0.18597545551914776
10,0,2.1,0.7,10.91442134,25.38932774,19.13454141,18.479430163333333,19.13454141,7.259656113158673
10,0,2.1,1.05,1.472520425,2.0328948,1.59126824,1.6988944883333332,1.59126824,0.29528362134885056
10,0,2.1,1.4,1.497575625,1.49585066,1.47175539,1.4883938916666668,1.49585066,0.014435154288976614
10,0,2.3,0.7,37.2159395,2.030986995,8.552942635,15.933289709999999,8.552942635,18.71756829573148
10,0,2.3,1.05,1.447227795,1.57286967,1.48189301,1.5006634916666668,1.48189301,0.0648900487353639
10,0,2.3,1.4,1.27589006,1.239645215,1.22052988,1.2453550516666667,1.239645215,0.028118304687127057
10,0,2.5,0.7,1.8790985,32.49767929,2.17018344,12.18232041,2.17018344,17.594218863819155
10,0,2.5,1.05,1.43131911,1.264971665,1.78869854,1.4949964383333334,1.43131911,0.26760710287111167
10,0,2.5,1.4,1.320330185,1.258602205,1.23106499,1.2699991266666668,1.258602205,0.045710897247856666
10,25,1.6,0.7,3.697126945,3.56665632,3.236290435,3.5000245666666667,3.56665632,0.2375340294598874
10,25,1.6,1.05,6.04913388,4.98293583,4.48764365,5.173237786666667,4.98293583,0.7979499111032816
10,25,1.6,1.4,4.04881531,5.78953103,5.52352907,5.120625136666667,5.52352907,0.9376947739458629
10,25,1.8,0.7,6.947829155,7.640590115,4.301986835,6.296802035,6.947829155,1.761943585515243
10,25,1.8,1.05,7.81723548,8.75533431,7.23375999,7.9354432599999996,7.81723548,0.7676437404553377
10,25,1.8,1.4,8.20748261,7.42388148,6.765780615,7.465714901666666,7.42388148,0.7217608239389284
10,25,2.0,0.7,11.28420063,9.690962805,9.176301185,10.050488206666666,9.690962805,1.0989785727622317
10,25,2.0,1.05,13.41803126,15.07411102,11.53404773,13.342063336666667,13.41803126,1.7712538971963032
10,25,2.0,1.4,1.814660625,14.00846764,8.83892428,8.220684181666668,8.83892428,6.120367472150361
10,25,2.2,0.7,28.61980338,26.9895793,23.76283092,26.45740453333333,26.9895793,2.471831882634245
10,25,2.2,1.05,16.47586264,29.47288901,8.484391765,18.144381138333333,16.47586264,10.593262936192207
10,25,2.2,1.4,1.701154805,27.82813159,1.75988664,10.429724345000002,1.75988664,15.06749127606391
10,25,2.4,0.7,40.1337563,40.29677286,31.26961212,37.23338042666666,40.1337563,5.165417980319686
10,25,2.4,1.05,39.37679974,36.86394767,32.82540015,36.355382520000006,36.86394767,3.3051759455146925
10,25,2.4,1.4,1.47408317,1.48491208,12.38719482,5.11539669,1.48491208,6.297564239364816
10,50,1.5,0.7,1.260503925,1.666033325,0.39829036,1.10827587,1.260503925,0.6474357820460342
10,50,1.5,1.05,2.05605895,1.660144715,1.309078795,1.6750941533333332,1.660144715,0.373714399335666
10,50,1.5,1.4,1.974935335,1.77223072,1.787142455,1.8447695033333333,1.787142455,0.11297321700422548
10,50,1.7,0.7,2.454350585,2.326829455,2.04446714,2.2752157266666666,2.326829455,0.2097596060627911
10,50,1.7,1.05,3.56727412,2.93331449,0.80325155,2.4346133866666664,2.93331449,1.4479234388311986
10,50,1.7,1.4,2.616819025,2.91813294,2.6504243,2.7284587549999997,2.6504243,0.1651198079229657
10,50,1.9,0.7,4.691029555,4.012846955,4.3821171,4.361997870000001,4.3821171,0.3395386536133034
10,50,1.9,1.05,4.199239655,6.327796025,1.884693735,4.137243138333333,4.199239655,2.222199848328208
10,50,1.9,1.4,6.88366734,4.465437585,5.6230742,5.657393041666666,5.6230742,1.2094801049053456
10,50,2.1,0.7,18.14836186,7.8446652,8.18131518,11.391447413333333,8.18131518,5.854080024387952
10,50,2.1,1.05,6.48318302,18.12854522,18.25382211,14.288516783333334,18.12854522,6.759907539498265
10,50,2.1,1.4,1.938137185,9.52971548,8.43650171,6.634784791666667,8.43650171,4.103980158655156
10,50,2.3,0.7,21.43247518,25.46623344,18.80038505,21.89969789,21.43247518,3.3573957891751767
10,50,2.3,1.05,28.25571177,21.92936174,23.0185344,24.401202636666667,23.0185344,3.3822336946218594
10,50,2.3,1.4,1.68978614,1.722331425,18.32694408,7.246353881666667,1.722331425,9.596086397925172
10,50,2.5,0.7,35.44502725,29.85900814,17.63498946,27.646341616666664,29.85900814,9.108857303631288
10,50,2.5,1.05,1.77016859,1.90834218,8.159024855,3.9458452083333335,1.90834218,3.649374608964948
10,50,2.5,1.4,1.362320765,1.37573093,1.883642545,1.5405647466666668,1.37573093,0.29718973722736003
10,75,1.6,0.7,4.15126126,2.801982435,2.55179376,3.1683458183333335,2.801982435,0.8603724004026674
10,75,1.6,1.05,3.87517276,3.65339209,3.982026465,3.836863771666667,3.87517276,0.16763299808883916
10,75,1.6,1.4,14.52642432,4.31146103,0.91748268,6.585122676666667,4.31146103,7.0836414436978465
10,75,1.8,0.7,14.98008309,14.47847228,3.71797517,11.058843513333334,14.47847228,6.36232381891965
10,75,1.8,1.05,14.8352227,13.93280176,13.02729787,13.93177411,13.93280176,0.9039628530979708
10,75,1.8,1.4,16.80488933,17.12357983,15.57363845,16.50070253666667,16.80488933,0.8185210897025735
10,75,2.0,0.7,21.10158681,19.8059104,7.923393555,16.276963588333334,19.8059104,7.263352777210475
10,75,2.0,1.05,21.2147152,20.7149298,19.17797565,20.369206883333334,20.7149298,1.0614707956250755
10,75,2.0,1.4,23.21411872,22.5752033,21.90600339,22.56510847,22.5752033,0.6541160893448491
10,75,2.2,0.7,22.43277946,19.28107221,22.52605105,21.413300906666667,22.43277946,1.8471530279167185
10,75,2.2,1.05,29.38565798,28.25179018,25.9285469,27.85533168666667,28.25179018,1.762324816135435
10,75,2.2,1.4,30.7444312,29.73223526,30.17208591,30.216250790000004,30.17208591,0.5075411881878973
10,75,2.4,0.7,26.05758587,25.08406986,18.19590629,23.112520673333332,25.08406986,4.285645354113163
10,75,2.4,1.05,36.75305072,35.97420333,31.50348043,34.74357816,35.97420333,2.832900596418945
10,75,2.4,1.4,2.00176375,30.4392378,33.23522319,21.892074913333335,30.4392378,17.282150971622148
10,100,1.5,0.7,17.06507599,2.171097245,2.03703113,7.091068121666666,2.171097245,8.638004292021348
10,100,1.5,1.05,18.94962245,2.7742289,16.70525583,12.809702393333334,16.70525583,8.76312396111053
10,100,1.5,1.4,2.53324977,15.19785445,14.96158266,10.897562293333332,14.96158266,7.24467039144505
10,100,1.7,0.7,17.69646839,16.76034382,16.76906101,17.075291073333332,16.76906101,0.5379729931941508
10,100,1.7,1.05,21.07823388,20.03022914,19.32535098,20.144604666666666,20.03022914,0.8820209385855361
10,100,1.7,1.4,17.29897621,15.07295208,18.86877373,17.080234006666668,17.29897621,1.9073415041076212
10,100,1.9,0.7,21.8432857,21.81975966,20.10515772,21.256067693333332,21.81975966,0.9967866841396501
10,100,1.9,1.05,26.46207417,20.94379548,22.11283985,23.172903166666668,22.11283985,2.9078601413468608
10,100,1.9,1.4,22.38864355,23.9046485,22.68859384,22.993961963333334,22.68859384,0.8028107000826639
10,100,2.1,0.7,29.71010653,30.52418574,23.38482757,27.873039946666665,29.71010653,3.9081605639464776
10,100,2.1,1.05,36.53765208,33.63718715,26.33086888,32.16856937,33.63718715,5.259489943022009
10,100,2.1,1.4,26.70796294,24.92273536,23.24464829,24.958448863333334,24.92273536,1.7319335096840214
10,100,2.3,0.7,29.27685436,33.96098349,27.22173275,30.1531902,29.27685436,3.4540336582753506
10,100,2.3,1.05,31.96874948,27.17386938,31.89632291,30.34631392333333,31.89632291,2.7476562171066035
10,100,2.3,1.4,35.05213832,2.3203321,2.769482045,13.380650821666668,2.769482045,18.769402273676345
10,100,2.5,0.7,30.76561245,29.37255341,32.82694581,30.988370556666666,30.76561245,1.7379363031649715
10,100,2.5,1.05,25.82152161,29.32923957,29.88330736,28.344689513333336,29.32923957,2.202618891294523
10,100,2.5,1.4,1.886956525,1.91606742,2.558668295,2.12056408,1.91606742,0.37968847553290297
10,125,1.6,0.7,11.89656028,11.40262133,11.46484409,11.588008566666666,11.46484409,0.26901865700394406
10,125,1.6,1.05,14.16437352,13.71296025,14.31538651,14.064240093333334,14.16437352,0.313447566646167
10,125,1.6,1.4,12.73031194,12.35039804,12.51399667,12.531568883333334,12.51399667,0.1905655526698796
10,125,1.8,0.7,18.74037221,18.51946331,18.52669987,18.595511796666667,18.52669987,0.12550496589173887
10,125,1.8,1.05,20.30153969,18.00891086,18.84357803,19.051342860000002,18.84357803,1.1603496914617966
10,125,1.8,1.4,17.24241632,15.23491936,16.15506253,16.21079940333333,16.15506253,1.0049084338331744
10,125,2.0,0.7,27.547945,28.77338471,22.17191514,26.164414949999998,27.547945,3.5114764231514846
10,125,2.0,1.05,30.90801587,27.54808572,25.99219371,28.149431766666666,27.54808572,2.5124768014984715
10,125,2.0,1.4,32.79220122,30.95862624,28.12012429,30.623650583333333,30.95862624,2.3539822063641456
10,125,2.2,0.7,28.65176546,31.19857197,31.32995625,30.393431226666664,31.19857197,1.5097566656059906
10,125,2.2,1.05,30.12516931,29.24878965,31.12102655,30.164995169999997,30.12516931,0.9367536104942206
10,125,2.2,1.4,40.38833175,39.43245728,36.94337918,38.921389403333336,39.43245728,1.7784311438196954
10,125,2.4,0.7,33.29229334,32.36148769,32.85563771,32.83647291333333,32.85563771,0.46569867574585
10,125,2.4,1.05,28.87825012,28.29307961,27.64733324,28.272887656666665,28.29307961,0.6157068113979223
10,125,2.4,1.4,26.01214699,25.60873108,24.46426331,25.361713793333337,25.60873108,0.8029627180864053
10,150,1.5,0.7,5.07192638,14.93511849,17.50682348,12.504622783333334,14.93511849,6.56408017219404
10,150,1.5,1.05,13.95909786,12.49228115,11.86753321,12.77297074,12.49228115,1.0736622633459658
10,150,1.5,1.4,13.76132647,8.683937425,9.39198196,10.612415284999999,9.39198196,2.7499205450611512
10,150,1.7,0.7,23.06744641,19.55310702,22.64905122,21.756534883333334,22.64905122,1.9196573640728336
10,150,1.7,1.05,28.86552639,13.64818818,27.76133619,23.42501692,27.76133619,8.484962825959316
10,150,1.7,1.4,17.14295674,13.60503087,30.75323761,20.500408406666665,17.14295674,9.053706968416165
10,150,1.9,0.7,29.77538936,26.96239796,25.18258923,27.306792183333332,26.96239796,2.3156875424657413
10,150,1.9,1.05,30.79088801,30.80929899,32.25932257,31.28650319,30.80929899,0.8425365871128868
10,150,1.9,1.4,37.60315188,36.36662791,36.26241233,36.74406403999999,36.36662791,0.7458144269223976
10,150,2.1,0.7,29.89276263,26.78225577,26.25669384,27.64390408,26.78225577,1.9652168885386183
10,150,2.1,1.05,28.74855898,28.73448449,27.06739447,28.183479313333333,28.73448449,0.9665834449006369
10,150,2.1,1.4,25.49029507,22.4649818,21.90865338,23.28797675,22.4649818,1.9274412610195508
10,150,2.3,0.7,33.5952381,31.86511689,31.35316374,32.27117291,31.86511689,1.174898071100654
10,150,2.3,1.05,21.73779973,28.47801169,26.99388042,25.736563946666664,26.99388042,3.5416447947272025
10,150,2.3,1.4,18.34570169,19.52456477,18.95177967,18.940682043333332,18.95177967,0.5895098882419173
10,150,2.5,0.7,31.77714475,29.73290818,34.61506059,32.04170450666667,31.77714475,2.4518048326187887
10,150,2.5,1.05,2.180528875,20.76501874,25.0872446,16.010930738333332,20.76501874,12.170884145048122
10,150,2.5,1.4,19.60171103,17.71773594,2.04505332,13.121500096666667,17.71773594,9.638625183716927
10,175,1.6,0.7,22.24623455,19.03429115,23.03021044,21.436912046666666,22.24623455,2.1173320308467978
10,175,1.6,1.05,25.81931546,18.94115364,26.78930236,23.849923819999997,25.81931546,4.278695730778928
10,175,1.6,1.4,23.0666609,22.66918814,24.08115478,23.272334606666664,23.0666609,0.728106244533534
10,175,1.8,0.7,24.879369,24.55388137,24.72800972,24.72042003,24.72800972,0.1628764926761272
10,175,1.8,1.05,28.75976827,27.76586321,32.54962845,29.69175331,28.75976827,2.5243909273220577
10,175,1.8,1.4,39.76854173,24.01394741,41.38951944,35.057336193333335,39.76854173,9.598136227881358
10,175,2.0,0.7,24.75957759,24.69360456,24.41042384,24.621201996666667,24.69360456,0.18549577803199074
10,175,2.0,1.05,23.18499775,25.18533206,24.18133668,24.18388883,24.18133668,1.0001695971399103
10,175,2.0,1.4,20.94242387,21.50663856,34.30511905,25.58472716,21.50663856,7.557348118916205
10,175,2.2,0.7,26.75827735,26.37707803,26.09665248,26.410669286666664,26.37707803,0.33208906417400114
10,175,2.2,1.05,21.54047674,20.34512214,22.71365938,21.533086086666668,21.54047674,1.1842859159148278
10,175,2.2,1.4,14.86050651,17.46738938,24.91481805,19.080904646666667,17.46738938,5.217745564194281
10,175,2.4,0.7,28.79159634,28.4968647,28.60261435,28.630358463333334,28.60261435,0.14931171009924957
10,175,2.4,1.05,16.63769652,23.20004315,21.88111405,20.57295124,21.88111405,3.4712484463328774
10,175,2.4,1.4,1.94975736,1.8880219,16.87573066,6.904503306666666,1.94975736,8.635391364359377
10,200,1.5,0.7,26.57207203,25.09012174,24.87143932,25.51121103,25.09012174,0.9252162159165903
10,200,1.5,1.05,30.13790411,30.34804809,23.6502444,28.04539886666667,30.13790411,3.8077653830662324
10,200,1.5,1.4,32.46480467,29.60248144,30.34241852,30.803234876666664,30.34241852,1.485761540146354
10,200,1.7,0.7,25.74684893,24.87442237,22.84413083,24.488467376666666,24.87442237,1.4893502055178627
10,200,1.7,1.05,23.47800227,24.17798621,25.15946955,24.271819343333334,24.17798621,0.844651730662415
10,200,1.7,1.4,48.06433862,47.68481323,23.55279285,39.7673149,47.68481323,14.043470150317757
10,200,1.9,0.7,26.99685194,26.53648934,24.82666369,26.12000165666667,26.53648934,1.143470923498184
10,200,1.9,1.05,21.68353378,20.68534785,20.82860256,21.065828063333335,20.82860256,0.539722838396067
10,200,1.9,1.4,20.33871995,20.81778208,19.70498165,20.287161226666665,20.33871995,0.5581889695397686
10,200,2.1,0.7,30.02929235,28.88119233,27.94340729,28.951297323333332,28.88119233,1.0447081666429623
10,200,2.1,1.05,20.59749653,19.93064439,19.37243051,19.966857143333332,19.93064439,0.6133353169088225
10,200,2.1,1.4,17.54910594,15.51392334,16.46835299,16.510460756666667,16.46835299,1.0182444951218403
10,200,2.3,0.7,33.18631766,31.56649514,32.16715351,32.30665543666667,32.16715351,0.8188722975730536
10,200,2.3,1.05,19.73466771,18.30526454,18.66841468,18.902782310000003,18.66841468,0.7429633201547536
10,200,2.3,1.4,1.543837075,11.63060955,19.93479405,11.036413558333335,11.63060955,9.20986570322607
10,200,2.5,0.7,32.53028312,34.57712647,36.31708483,34.47483147333333,34.57712647,1.895472236006638
10,200,2.5,1.05,14.83241934,23.0289247,2.874153325,13.578499121666667,14.83241934,10.135725885701955
10,200,2.5,1.4,2.119129425,1.861004645,2.48323922,2.1544577633333333,2.119129425,0.3126180340261956
12,0,1.5,0.7,2.710077215,2.217989635,2.817184975,2.5817506083333335,2.710077215,0.3195458532877011
12,0,1.5,1.05,3.382610125,2.57400154,2.8202735,2.925628388333333,2.8202735,0.4144715916751381
12,0,1.5,1.4,1.879645105,2.22740741,1.94721929,2.018090601666667,1.94721929,0.18439553223368407
12,0,1.7,0.7,4.848634005,2.798259365,2.837285865,3.4947264116666665,2.837285865,1.1726807303737052
12,0,1.7,1.05,2.042897735,1.95356353,1.65020764,1.8822229683333334,1.95356353,0.2058360621513243
12,0,1.7,1.4,1.614795695,1.71814353,1.79740427,1.7101144983333334,1.71814353,0.09156867328956396
12,0,1.9,0.7,5.787094095,6.996048425,7.80562971,6.8629240766666655,6.996048425,1.0158312243405585
12,0,1.9,1.05,1.45487696,1.638178305,1.83451679,1.6425240183333336,1.638178305,0.18985722016528325
12,0,1.9,1.4,1.37488409,1.502285125,1.573231545,1.48346692,1.502285125,0.10050384000529926
12,0,2.1,0.7,2.53720665,8.205917015,2.102801175,4.281974946666667,2.53720665,3.405167844013648
12,0,2.1,1.05,1.54752002,1.403615165,8.535636925,3.828924036666667,1.54752002,4.076767936947782
12,0,2.1,1.4,1.268136685,1.28903732,1.41095575,1.3227099183333335,1.28903732,0.0771343259564577
12,0,2.3,0.7,1.596147205,1.80559346,21.10118362,8.167641428333333,1.80559346,11.201265649521474
12,0,2.3,1.05,1.311584905,1.353783275,1.371921215,1.3457631316666667,1.353783275,0.03095738361715079
12,0,2.3,1.4,1.538662875,1.158633795,1.305498525,1.334265065,1.305498525,0.19164070752084558
12,0,2.5,0.7,1.600953855,1.51381865,32.83765951,11.984144005,1.600953855,18.05972673724451
12,0,2.5,1.05,1.140192515,1.28789654,1.307638845,1.2452426333333333,1.28789654,0.09151002771862629
12,0,2.5,1.4,1.094330115,1.18235387,1.138089705,1.1382578966666668,1.138089705,0.04401211852890701
12,25,1.6,0.7,3.283366465,2.81568514,1.904929865,2.667993823333333,2.81568514,0.7009860261224471
12,25,1.6,1.05,3.947534815,2.39229897,3.52213153,3.2873217716666665,3.52213153,0.8037669751548857
12,25,1.6,1.4,4.05098771,2.66575283,1.38790277,2.70154777,2.66575283,1.3319032651476248
12,25,1.8,0.7,21.23499458,10.96776871,5.997701515,12.733488268333334,10.96776871,7.770591943744369
12,25,1.8,1.05,6.942361015,4.806190225,4.88818575,5.545578996666667,4.88818575,1.2103432660136184
12,25,1.8,1.4,1.79896845,3.765164815,7.573931395,4.3793548866666665,3.765164815,2.9360639191153854
12,25,2.0,0.7,29.74137126,8.574036075,12.52197107,16.945792801666666,12.52197107,11.255739369037888
12,25,2.0,1.05,19.94002746,9.426500365,11.66128167,13.675936498333334,11.66128167,5.538744311874298
12,25,2.0,1.4,1.476944155,1.81290671,13.06205261,5.4506344916666665,1.81290671,6.593821504913539
12,25,2.2,0.7,46.13158384,33.4553499,37.68724288,39.09139220666667,37.68724288,6.45371623361965
12,25,2.2,1.05,1.484047405,1.462283295,33.68153487,12.209288523333333,1.484047405,18.59551399660886
12,25,2.2,1.4,1.277472645,1.90966783,1.891449785,1.6928634200000001,1.891449785,0.35985427086145716
12,25,2.4,0.7,50.29350783,32.15487672,50.83130521,44.426563253333335,50.29350783,10.630993569971706
12,25,2.4,1.05,1.366536405,1.6005787,10.10799107,4.358368725,1.6005787,4.9806939056274775
12,25,2.4,1.4,1.221183055,1.22288414,1.300664185,1.2482437933333332,1.22288414,0.04540535782712611
12,50,1.5,0.7,3.0627593,3.05250575,1.16333293,2.4261993266666666,3.05250575,1.093686397325252
12,50,1.5,1.05,2.44075017,1.391692875,3.115892155,2.3161117333333334,2.44075017,0.8688307339229907
12,50,1.5,1.4,3.972113785,1.58716356,2.65670081,2.738659385,2.65670081,1.1945856185070665
12,50,1.7,0.7,3.64365483,3.26030678,4.555843875,3.819935161666667,3.64365483,0.6655149567287291
12,50,1.7,1.05,13.44766539,6.01849178,2.579712,7.348623056666667,6.01849178,5.554731283480623
12,50,1.7,1.4,4.728461135,3.17396336,4.76844995,4.223624815,4.728461135,0.9092533496863311
12,50,1.9,0.7,20.98779674,5.90276535,9.916262775,12.268941621666665,9.916262775,7.812865436316303
12,50,1.9,1.05,22.76612895,5.72380911,16.58984522,15.026594426666668,16.58984522,8.62803460611728
12,50,1.9,1.4,6.8981237,15.62069471,8.952703645,10.490507351666666,8.952703645,4.560092261818988
12,50,2.1,0.7,30.82322728,9.29026404,8.43442134,16.182637553333333,9.29026404,12.68634176349585
12,50,2.1,1.05,27.90628977,10.60761289,23.66746768,20.727123446666667,23.66746768,9.01638916681917
12,50,2.1,1.4,1.4467511,22.63830231,1.57108567,8.55204636,1.57108567,12.19921390041207
12,50,2.3,0.7,33.47814198,17.4591797,11.1407421,20.692687926666665,17.4591797,11.514405757080855
12,50,2.3,1.05,2.69682508,18.90567656,37.08072058,19.561074073333334,18.90567656,17.201314684177273
12,50,2.3,1.4,1.35477584,1.74107211,25.79438494,9.63007763,1.74107211,14.000033189644356
12,50,2.5,0.7,35.85667806,33.0137716,35.87166052,34.914036726666666,35.85667806,1.645694923807577
12,50,2.5,1.05,1.36576364,2.0703271,1.44766338,1.62791804,1.44766338,0.3853196389110989
12,50,2.5,1.4,1.24842055,1.302218465,1.492311205,1.3476500733333332,1.302218465,0.1281354212382248
12,75,1.6,0.7,16.22990609,2.43280957,2.117595435,6.926770365,2.43280957,8.05829328865948
12,75,1.6,1.05,17.18445948,15.31898925,3.363703575,11.955717435000002,15.31898925,7.499134711590274
12,75,1.6,1.4,12.94250759,2.38991713,14.92657584,10.08633352,12.94250759,6.738712832682513
12,75,1.8,0.7,18.88295428,16.34781985,4.903521785,13.378098638333334,16.34781985,7.447856488737729
12,75,1.8,1.05,22.02190688,5.086568105,16.55792988,14.555468288333335,16.55792988,8.64342606699333
12,75,1.8,1.4,16.51580642,17.76506143,14.25681865,16.179228833333333,16.51580642,1.778174683415637
12,75,2.0,0.7,21.58189617,17.19897909,24.55175934,21.110878200000002,21.58189617,3.69895090495193
12,75,2.0,1.05,32.22906249,32.17184556,25.44355022,29.948152756666662,32.17184556,3.901205128454217
12,75,2.0,1.4,2.467981245,17.65870961,15.99058804,12.039092965,15.99058804,8.330683769092177
12,75,2.2,0.7,35.79146501,19.73401949,33.17701842,29.567500973333335,33.17701842,8.61579081136986
12,75,2.2,1.05,40.86827958,27.71886967,36.28859878,34.958582676666666,36.28859878,6.674837254319092
12,75,2.2,1.4,1.49421229,2.75804036,1.790871605,2.014374751666667,1.790871605,0.6608937812216175
12,75,2.4,0.7,43.14528141,45.48213759,41.35446994,43.327296313333335,43.14528141,2.0698447105980464
12,75,2.4,1.05,46.92091161,40.6079649,47.30570731,44.94486127333334,46.92091161,3.7607870914821135
12,75,2.4,1.4,1.48225321,1.60176982,2.155238865,1.7464206316666668,1.60176982,0.35905475340930076
12,100,1.5,0.7,14.69444426,8.892414655,9.29353788,10.960132265,9.29353788,3.2402221401331817
12,100,1.5,1.05,11.49054846,8.88408156,12.11958914,10.831406386666666,11.49054846,1.7155111569698367
12,100,1.5,1.4,10.61172675,9.853825685,11.8038592,10.756470544999999,10.61172675,0.9830415820549325
12,100,1.7,0.7,18.05369099,11.29506672,19.0194704,16.122742703333333,18.05369099,4.208684357044977
12,100,1.7,1.05,19.5094086,13.35318585,17.53314818,16.798580876666666,17.53314818,3.1431610647959483
12,100,1.7,1.4,16.65803788,12.72629473,14.66705747,14.683796693333333,14.66705747,1.9659250241530908
12,100,1.9,0.7,30.06304252,18.6692565,18.74793491,22.49341131,18.74793491,6.5556109604372175
12,100,1.9,1.05,32.71835599,20.39089823,27.97689242,27.028715546666664,27.97689242,6.218185687440442
12,100,1.9,1.4,20.96172303,21.70844968,26.2044042,22.958192303333334,21.70844968,2.8359864123440715
12,100,2.1,0.7,40.47378346,26.18295304,37.41047273,34.689069743333334,37.41047273,7.524060352308322
12,100,2.1,1.05,42.67655245,29.36967361,37.35179195,36.46600600333334,37.35179195,6.697515858368241
12,100,2.1,1.4,2.02024529,39.31829259,24.43435657,21.92429815,24.43435657,18.775286364050988
12,100,2.3,0.7,40.29737022,34.90977982,38.84055602,38.01590202,38.84055602,2.7868572342927873
12,100,2.3,1.05,34.28081129,40.4790107,39.8601446,38.20665553,39.8601446,3.413933004613327
12,100,2.3,1.4,2.70949508,1.843159445,34.17278767,12.908480731666666,2.70949508,18.420523785545733
12,100,2.5,0.7,40.6362777,37.66667776,39.42386505,39.24227350333333,39.42386505,1.4931050091261495
12,100,2.5,1.05,1.86482408,37.06981261,30.72339312,23.21934327,30.72339312,18.763818307125597
12,100,2.5,1.4,1.36719433,1.70377423,1.581840945,1.5509365016666665,1.581840945,0.17040487297700707
12,125,1.6,0.7,15.60811198,13.71977862,11.04265774,13.456849446666666,13.71977862,2.294055778970034
12,125,1.6,1.05,20.18824631,14.92099437,30.20966198,21.77296755333333,20.18824631,7.766552992581055
12,125,1.6,1.4,16.34644991,12.07112258,12.90936504,13.775645843333335,12.90936504,2.2654884169487857
12,125,1.8,0.7,31.44584563,29.34213915,19.76653614,26.851506973333333,29.34213915,6.225271401343602
12,125,1.8,1.05,32.27993772,22.95483198,32.28743284,29.17406751333333,32.27993772,5.38601726775109
12,125,1.8,1.4,28.35393028,21.35987436,31.66129959,27.125034743333334,28.35393028,5.259513154499148
12,125,2.0,0.7,32.82589566,33.82786567,31.47662584,32.710129056666666,32.82589566,1.1798871193381641
12,125,2.0,1.05,36.33068406,37.20733246,36.25284256,36.596953026666675,36.33068406,0.5300350122942875
12,125,2.0,1.4,41.07478159,38.36510421,44.04477933,41.16155504333333,41.07478159,2.8408316724753853
12,125,2.2,0.7,34.05089677,32.78833207,32.43359398,33.09094094,32.78833207,0.8500565715218344
12,125,2.2,1.05,25.4602824,33.16625308,29.59553908,29.40735818666667,29.59553908,3.8564303528932946
12,125,2.2,1.4,1.754954565,23.75170673,23.16476721,16.223809501666665,23.16476721,12.533832090935396
12,125,2.4,0.7,35.46253183,35.76095873,37.54951294,36.257667833333336,35.76095873,1.1286773180917824
12,125,2.4,1.05,24.91308985,24.95509839,1.878474045,17.24888742833333,24.91308985,13.311185028398956
12,125,2.4,1.4,1.78455199,2.37460567,22.13553289,8.76489685,2.37460567,11.583068329330125
12,150,1.5,0.7,20.09582272,20.43303825,18.33169252,19.620184496666667,20.09582272,1.1285332333915004
12,150,1.5,1.05,24.73057766,18.19801116,21.98816719,21.63891867,21.98816719,3.280257179821761
12,150,1.5,1.4,21.53784942,16.36990424,17.58409244,18.49728203333333,17.58409244,2.7022862118769977
12,150,1.7,0.7,29.63537291,27.56463097,28.19673461,28.465579496666663,28.19673461,1.0612262837556616
12,150,1.7,1.05,35.66341558,28.86626493,32.67804959,32.4025767,32.67804959,3.4069382478322914
12,150,1.7,1.4,34.86198284,21.9534511,25.15656951,27.32400115,25.15656951,6.72167150760893
12,150,1.9,0.7,30.62289498,27.43718607,27.97876193,28.679614326666666,27.97876193,1.7045764506904373
12,150,1.9,1.05,29.48954875,43.81693055,27.66069837,33.65572589000001,29.48954875,8.84724440348015
12,150,1.9,1.4,49.25078791,41.89631514,48.98711188,46.711404976666664,48.98711188,4.172073688656172
12,150,2.1,0.7,30.30987612,30.01685387,28.81046509,29.712398359999998,30.01685387,0.7947189612677131
12,150,2.1,1.05,22.4073812,26.98313765,22.31453663,23.90168516,22.4073812,2.6690198790267603
12,150,2.1,1.4,1.83697897,15.82714667,2.12203775,6.5953877966666665,2.12203775,7.996208073114427
12,150,2.3,0.7,32.24994845,30.81267184,33.72884771,32.26382266666666,32.24994845,1.4581374409186
12,150,2.3,1.05,1.85980549,20.01687814,20.08719368,13.987959103333333,20.01687814,10.503347971968232
12,150,2.3,1.4,2.899684285,2.280350995,18.99845952,8.059498266666667,2.899684285,9.478478169383076
12,150,2.5,0.7,32.54542221,33.55520108,32.94164965,33.01409098,32.94164965,0.5087721998043412
12,150,2.5,1.05,1.556686305,15.7435385,20.7900743,12.696766368333334,15.7435385,9.97210703704478
12,150,2.5,1.4,1.67768615,1.573343915,1.22973419,1.493588085,1.573343915,0.23438426553675068
12,175,1.6,0.7,29.88577368,24.70855653,30.49768339,28.364004533333333,29.88577368,3.1804612011630184
12,175,1.6,1.05,34.00182953,28.30756993,39.07880007,33.79606651,34.00182953,5.3885622848317105
12,175,1.6,1.4,43.47975901,38.70371517,37.85625565,40.013243276666664,38.70371517,3.0318468639750447
12,175,1.8,0.7,28.4906872,30.44194607,30.55014033,29.8275912,30.44194607,1.1590559643029485
12,175,1.8,1.05,23.88152443,46.28138168,21.71498025,30.625962119999997,23.88152443,13.601198462661147
12,175,1.8,1.4,17.40448202,46.04167205,48.00469508,37.150283050000006,46.04167205,17.128510110086616
12,175,2.0,0.7,29.69113837,30.24429189,29.49511193,29.810180730000003,29.69113837,0.3885176517510848
12,175,2.0,1.05,20.3410298,20.9950382,23.87025342,21.73544047333333,20.9950382,1.8774987309607836
12,175,2.0,1.4,1.767964575,14.31680707,1.72323757,5.936003071666666,1.767964575,7.2580236201120245
12,175,2.2,0.7,32.58077756,31.34408471,31.41051358,31.77845861666667,31.41051358,0.6956219977947847
12,175,2.2,1.05,1.811359785,17.33874133,16.71189843,11.953999848333334,16.71189843,8.789373902393214
12,175,2.2,1.4,1.856395865,1.629345795,14.47445507,5.986732243333333,1.856395865,7.351460196471891
12,175,2.4,0.7,34.33571139,36.03900898,34.65747253,35.01073096666667,34.65747253,0.9049305566351947
12,175,2.4,1.05,2.732696605,10.59665846,14.92602464,9.418459901666667,10.59665846,6.181458244170488
12,175,2.4,1.4,1.257684545,2.74636211,1.1411741,1.7150735849999998,1.257684545,0.895019936814835
12,200,1.5,0.7,41.03767786,32.69642057,25.91147249,33.21519030666667,32.69642057,7.576434765350727
12,200,1.5,1.05,36.26267399,32.67447181,36.65199221,35.196379336666666,36.26267399,2.192693628599191
12,200,1.5,1.4,41.56020183,39.71127057,43.44795774,41.57314338,41.56020183,1.8683772007809203
12,200,1.7,0.7,29.52654878,30.81942151,29.4756594,29.94054323,29.52654878,0.7615561079401938
12,200,1.7,1.05,22.87250266,20.98843555,19.96334537,21.274761193333333,20.98843555,1.4755628807383034
12,200,1.7,1.4,22.98706561,51.54260273,20.06653041,31.53206625,22.98706561,17.391048246919098
12,200,1.9,0.7,29.24994097,29.9102573,30.4019694,29.85405589,29.9102573,0.5780668860491459
12,200,1.9,1.05,15.20724601,17.01436909,17.529669,16.583761366666668,17.01436909,1.219622644372377
12,200,1.9,1.4,1.7438969,8.28854607,2.84463563,4.292359533333333,2.84463563,3.5042883107426324
12,200,2.1,0.7,32.12768047,33.25790557,32.08265752,32.48941452,32.12768047,0.6659133854746063
12,200,2.1,1.05,1.857889805,11.36837164,14.89627256,9.374178001666666,11.36837164,6.744068684173316
12,200,2.1,1.4,1.8860728,1.570382565,1.731124215,1.729193193333333,1.731124215,0.15785397604145626
12,200,2.3,0.7,41.87429944,34.8912318,32.63826111,36.46793078333334,34.8912318,4.815660470936523
12,200,2.3,1.05,1.331659865,11.63569601,1.35897464,4.775443505,1.35897464,5.941168643331244
12,200,2.3,1.4,1.578600555,1.216757475,3.196306215,1.997221415,1.578600555,1.054080581278894
12,200,2.5,0.7,2.029597225,36.73641685,36.1041867,24.956733591666666,36.1041867,19.85799877184101
12,200,2.5,1.05,1.240041765,1.52683429,1.31348703,1.3601210283333334,1.31348703,0.14897494906655923
12,200,2.5,1.4,1.05594173,1.887555225,1.069728395,1.3377417833333334,1.069728395,0.4762023031348802
